<?xml version="1.0" encoding="UTF-8"?>
<project-private xmlns="http://www.netbeans.org/ns/project-private/1">
    <editor-bookmarks xmlns="http://www.netbeans.org/ns/editor-bookmarks/2" lastBookmarkId="0"/>
    <open-files xmlns="http://www.netbeans.org/ns/projectui-open-files/2">
        <group>
            <file>file:/C:/Users/jaive/OneDrive/Documents/NetBeansProjects/Railway%20Reservation%20System/src/Railway/UserData.java</file>
            <file>file:/C:/Users/jaive/OneDrive/Documents/NetBeansProjects/Railway%20Reservation%20System/src/Railway/User_Signin.java</file>
            <file>file:/C:/Users/jaive/OneDrive/Documents/NetBeansProjects/Railway%20Reservation%20System/src/Railway/Home.java</file>
            <file>file:/C:/Users/jaive/OneDrive/Documents/NetBeansProjects/Railway%20Reservation%20System/src/Railway/Train_Details.java</file>
            <file>file:/C:/Users/jaive/OneDrive/Documents/NetBeansProjects/Railway%20Reservation%20System/src/Railway/Reservation.java</file>
            <file>file:/C:/Users/jaive/OneDrive/Documents/NetBeansProjects/Railway%20Reservation%20System/src/Railway/Admin.java</file>
            <file>file:/C:/Users/jaive/OneDrive/Documents/NetBeansProjects/Railway%20Reservation%20System/src/Railway/User_Signup.java</file>
            <file>file:/C:/Users/jaive/OneDrive/Documents/NetBeansProjects/Railway%20Reservation%20System/src/Railway/Admin_Panel.java</file>
        </group>
    </open-files>
</project-private>
